n,Population Size,Crossover Type,Selection Type,Replacement Type,Mutation Rate,Number of Parents,Crossover Points,Success Rate
10,4,1,1,1,0.0,3,1,2.0
10,4,1,1,1,0.1,2,1,46.0
10,4,1,1,1,0.1,3,1,50.0
10,4,1,1,1,0.2,3,1,56.00000000000001
10,4,1,1,1,0.30000000000000004,3,1,70.0
10,4,1,1,1,0.4,3,1,78.0
10,5,1,1,1,0.6,4,1,80.0
10,5,1,3,1,0.7,4,1,90.0
10,6,1,1,1,0.9999999999999999,5,1,92.0
10,6,1,3,1,0.7,5,1,94.0
10,7,1,1,1,0.6,6,1,98.0
